lokasi,harga,luas,jumlah_kamar,layak_beli
Makassar,1939,113,4,0
Medan,1127,260,5,1
Palembang,3030,190,3,0
Yogyakarta,3831,67,2,0
Makassar,4751,255,4,0
Malang,3235,171,2,0
Surabaya,4176,180,2,0
Makassar,426,143,2,1
Palembang,3477,266,3,0
Yogyakarta,3356,95,1,0
Medan,903,287,4,1
Palembang,3749,278,1,0
Palembang,4446,209,1,0
Surabaya,3833,219,1,0
Semarang,3667,183,2,0
Yogyakarta,3668,225,5,0
Bandung,4097,291,2,0
Palembang,2092,172,2,0
Semarang,3161,130,1,0
Bandung,3776,273,2,0
Yogyakarta,3717,41,1,0
Jakarta,1945,268,5,0
Malang,1505,78,4,0
Semarang,3330,71,1,0
Denpasar,3172,195,5,0
Jakarta,3372,111,4,0
Malang,2154,187,3,0
Surabaya,4321,245,1,0
Makassar,4962,187,1,0
Medan,3008,163,3,0
Denpasar,3802,96,3,0
Surabaya,1632,36,1,0
Yogyakarta,501,43,3,1
Surabaya,3807,102,2,0
Makassar,4512,192,4,0
Yogyakarta,874,95,4,1
Denpasar,836,159,4,1
Makassar,1925,235,2,0
Bandung,2422,285,3,0
Medan,685,295,5,1
Denpasar,3581,54,3,0
Bandung,774,282,1,0
Malang,717,193,4,1
Denpasar,3900,124,3,0
Malang,1254,299,5,1
Yogyakarta,1505,139,1,0
Bandung,4420,267,2,0
Medan,2290,54,2,0
Makassar,3872,170,5,0
Palembang,4680,146,1,0
Surabaya,4458,54,4,0
Jakarta,3013,108,3,0
Medan,2503,97,1,0
Bandung,3420,202,2,0
Palembang,1266,41,5,1
Medan,3732,157,5,0
Bandung,988,125,3,1
Semarang,4543,121,5,0
Semarang,4001,170,5,0
Malang,641,60,1,0
Medan,2024,49,4,0
Semarang,4722,175,3,0
Bandung,2092,189,1,0
Malang,2059,72,4,0
Bandung,3512,283,1,0
Malang,1289,159,1,0
Medan,2562,89,5,0
Palembang,2782,180,4,0
Makassar,1251,34,3,1
Denpasar,1022,295,3,1
Palembang,3689,159,4,0
Yogyakarta,2379,296,5,0
Bandung,3017,207,2,0
Yogyakarta,2632,282,1,0
Palembang,3676,85,5,0
Malang,4824,112,4,0
Denpasar,1800,128,1,0
Denpasar,585,178,3,1
Jakarta,3795,185,2,0
Denpasar,2365,219,3,0
Makassar,1068,292,4,1
Denpasar,3357,109,1,0
Palembang,4589,281,4,0
Jakarta,2461,126,1,0
Palembang,3593,289,5,0
Palembang,1246,289,2,1
Surabaya,3635,132,5,0
Jakarta,4450,69,5,0
Palembang,1781,130,4,0
Surabaya,2201,250,2,0
Surabaya,3751,153,1,0
Jakarta,4364,260,1,0
Yogyakarta,354,207,3,1
Malang,2123,92,1,0
Makassar,3762,145,4,0
Malang,3379,220,5,0
Denpasar,1132,91,5,1
Makassar,4708,285,5,0
Denpasar,3106,36,2,0
Palembang,2790,184,1,0
Bandung,627,121,4,1
Jakarta,3610,43,2,0
Makassar,3600,258,3,0
Makassar,3975,115,4,0
Palembang,3354,162,4,0
Yogyakarta,2443,212,4,0
Surabaya,1611,91,5,0
Palembang,3491,248,4,0
Semarang,2838,275,1,0
Surabaya,4283,259,4,0
Jakarta,4847,108,5,0
Surabaya,464,178,4,1
Yogyakarta,4577,167,3,0
Surabaya,1122,94,3,1
Jakarta,1243,42,5,1
Yogyakarta,4725,242,1,0
Malang,1074,271,1,0
Makassar,2498,242,2,0
Makassar,3456,210,5,0
Denpasar,4542,202,4,0
Malang,3995,189,5,0
Malang,3752,193,2,0
Surabaya,1214,217,5,1
Makassar,1608,220,5,0
Jakarta,4477,285,2,0
Medan,813,212,1,0
Medan,2220,146,4,0
Yogyakarta,3894,225,2,0
Makassar,1709,63,3,0
Makassar,4866,81,1,0
Medan,3490,141,3,0
Makassar,4791,281,1,0
Surabaya,1855,111,4,0
Semarang,1104,261,4,1
Bandung,1579,256,5,0
Malang,3877,262,3,0
Denpasar,3201,250,1,0
Yogyakarta,1687,71,4,0
Semarang,4988,50,2,0
Medan,3061,71,4,0
Malang,2979,142,2,0
Makassar,2406,134,1,0
Denpasar,4523,221,4,0
Makassar,3068,46,4,0
Jakarta,4253,149,1,0
Jakarta,3486,158,4,0
Denpasar,3580,159,2,0
Denpasar,2873,89,4,0
Medan,4916,77,3,0
Denpasar,2899,58,5,0
Surabaya,4333,126,2,0
Makassar,536,39,3,1
Semarang,1604,271,1,0
Palembang,3730,261,2,0
Denpasar,1601,232,5,0
Yogyakarta,2841,276,5,0
Jakarta,2351,293,1,0
Surabaya,741,243,1,0
Malang,2376,229,2,0
Palembang,3480,108,4,0
Semarang,2957,202,1,0
Palembang,4098,98,4,0
Denpasar,1104,116,3,1
Medan,374,130,5,1
Jakarta,2475,37,4,0
Jakarta,4224,229,5,0
Malang,2389,116,4,0
Medan,340,72,3,1
Makassar,2381,138,1,0
Bandung,4983,181,3,0
Surabaya,1922,46,1,0
Jakarta,641,162,1,0
Yogyakarta,4352,177,5,0
Jakarta,2374,261,3,0
Palembang,945,257,4,1
Jakarta,4563,168,3,0
Jakarta,909,240,5,1
Bandung,754,57,1,0
Bandung,3253,80,5,0
Semarang,2008,290,2,0
Makassar,3772,290,2,0
Yogyakarta,3269,37,4,0
Jakarta,3328,167,5,0
Jakarta,2981,67,4,0
Surabaya,3929,140,4,0
Bandung,4525,249,2,0
Yogyakarta,3367,252,4,0
Malang,1686,165,2,0
Semarang,4076,285,1,0
Makassar,3166,78,5,0
Medan,3663,107,4,0
Makassar,4424,134,2,0
Palembang,448,198,3,1
Jakarta,4150,246,4,0
Semarang,2358,148,1,0
Palembang,1436,219,1,0
Yogyakarta,486,284,3,1
Medan,3154,295,2,0
Bandung,1550,178,4,0
Semarang,1633,193,2,0
Semarang,4493,169,1,0
Jakarta,4450,287,2,0
Denpasar,3011,298,1,0
Semarang,4801,210,2,0
Surabaya,2085,189,3,0
Medan,1050,255,5,1
Medan,2062,40,3,0
Surabaya,4220,39,3,0
Malang,4760,212,5,0
Surabaya,781,182,5,1
Surabaya,453,153,4,1
Medan,1824,143,4,0
Makassar,2420,242,3,0
Medan,2643,201,3,0
Denpasar,1540,203,1,0
Jakarta,360,142,1,0
Palembang,1238,151,4,1
Makassar,1939,61,4,0
Bandung,4420,251,1,0
Palembang,4526,148,1,0
Jakarta,3869,68,2,0
Denpasar,1552,297,2,0
Denpasar,4503,262,1,0
Bandung,471,47,2,1
Makassar,1758,178,5,0
Malang,3849,178,4,0
Surabaya,4497,155,4,0
Makassar,2622,267,1,0
Malang,1936,164,3,0
Denpasar,3415,180,1,0
Medan,4390,265,2,0
Jakarta,3304,253,3,0
Bandung,629,232,2,1
Jakarta,3940,285,5,0
Yogyakarta,4194,115,2,0
Yogyakarta,4407,179,5,0
Makassar,1641,264,5,0
Denpasar,3963,51,2,0
Denpasar,515,298,2,1
Surabaya,638,287,5,1
Surabaya,4362,58,3,0
Surabaya,3008,242,5,0
Medan,3452,79,4,0
Palembang,2050,124,5,0
Semarang,2721,117,3,0
Palembang,1009,73,4,1
Jakarta,4026,200,1,0
Palembang,3942,218,1,0
Medan,4293,213,3,0
Jakarta,788,32,5,1
Palembang,346,220,2,1
Medan,3659,147,3,0
Semarang,700,48,4,1
Palembang,4290,52,4,0
Medan,3457,59,1,0
Surabaya,4645,137,4,0
Denpasar,690,157,3,1
Surabaya,4153,258,4,0
Denpasar,4730,140,3,0
Bandung,928,165,2,1
Bandung,4532,215,1,0
Bandung,3230,173,4,0
Semarang,1821,101,3,0
Surabaya,1126,158,5,1
Denpasar,1800,290,1,0
Medan,3594,32,2,0
Jakarta,2719,133,3,0
Medan,1234,253,2,1
Jakarta,3342,39,2,0
Yogyakarta,4797,260,4,0
Medan,1766,248,4,0
Palembang,3861,95,3,0
Palembang,914,141,5,1
Makassar,1482,42,3,1
Surabaya,3523,115,5,0
Jakarta,2967,263,2,0
Jakarta,430,119,1,0
Surabaya,3283,83,3,0
Semarang,4578,41,3,0
Makassar,4759,238,5,0
Semarang,338,43,2,1
Semarang,4259,150,2,0
Semarang,3887,49,5,0
Surabaya,1220,104,2,1
Semarang,3069,272,4,0
Palembang,4411,252,1,0
Bandung,792,99,3,1
Yogyakarta,1431,240,1,0
Jakarta,3821,130,3,0
Jakarta,610,215,4,1
Yogyakarta,1038,161,2,1
Surabaya,3541,140,5,0
Medan,845,161,4,1
Surabaya,2761,49,1,0
Jakarta,4646,53,5,0
Jakarta,2104,256,2,0
Yogyakarta,3512,183,4,0
Semarang,4110,259,5,0
Surabaya,1113,231,4,1
Denpasar,4424,67,4,0
Yogyakarta,2332,289,2,0
Palembang,4872,217,3,0
Jakarta,4713,86,5,0
Yogyakarta,544,49,2,1
Surabaya,571,148,4,1
Jakarta,3811,100,2,0
Medan,2071,33,3,0
Yogyakarta,1562,250,5,0
Makassar,2724,43,3,0
Jakarta,4661,32,1,0
Surabaya,1220,245,5,1
Bandung,3730,258,3,0
Denpasar,4735,215,4,0
Malang,4784,84,5,0
Semarang,2924,283,5,0
Malang,4060,53,2,0
Surabaya,2350,191,4,0
Palembang,3800,187,1,0
Palembang,1465,111,3,1
Bandung,675,188,2,1
Semarang,2333,217,3,0
Makassar,445,89,1,0
Bandung,4688,240,1,0
Malang,731,181,5,1
Bandung,1004,138,1,0
Malang,2932,105,3,0
Jakarta,4794,59,4,0
Palembang,1263,146,4,1
Jakarta,2534,221,5,0
Denpasar,2341,48,3,0
Semarang,2128,202,3,0
Makassar,2408,257,1,0
Malang,4368,212,3,0
Makassar,1238,142,2,1
Malang,1106,212,1,0
Surabaya,1763,175,2,0
Bandung,3715,145,5,0
Denpasar,310,142,4,1
Palembang,2168,280,5,0
Malang,1184,280,4,1
Makassar,3864,147,5,0
Denpasar,1689,190,3,0
Medan,3701,227,2,0
Medan,4621,289,4,0
Jakarta,1124,177,1,0
Palembang,2565,269,2,0
Surabaya,1236,76,1,0
Makassar,3100,227,2,0
Bandung,2853,76,2,0
Bandung,4145,107,5,0
Makassar,2096,153,4,0
Semarang,353,104,4,1
Surabaya,1026,166,2,1
Denpasar,3036,119,3,0
Malang,3470,90,3,0
Semarang,2213,167,1,0
Malang,1896,79,1,0
Malang,2214,288,5,0
Semarang,2766,136,2,0
Jakarta,3037,142,1,0
Medan,1149,283,1,0
Malang,2409,147,2,0
Semarang,302,227,5,1
Semarang,4555,80,1,0
Yogyakarta,4369,274,5,0
Jakarta,1192,64,4,1
Palembang,2330,98,5,0
Yogyakarta,3460,78,3,0
Yogyakarta,2676,103,3,0
Makassar,4975,221,5,0
Medan,2233,290,3,0
Semarang,1680,99,4,0
Medan,3981,119,2,0
Surabaya,1590,289,3,0
Makassar,1940,155,3,0
Palembang,2982,260,5,0
Medan,1287,158,4,1
Bandung,1518,129,2,0
Malang,1655,211,5,0
Surabaya,4565,203,5,0
Jakarta,4916,217,4,0
Palembang,4435,86,2,0
Surabaya,1860,60,4,0
Malang,1718,113,2,0
Makassar,1254,181,4,1
Malang,1283,65,5,1
Yogyakarta,1274,242,5,1
Malang,4433,135,1,0
Yogyakarta,4272,249,3,0
Makassar,1213,192,4,1
Denpasar,4849,249,1,0
Yogyakarta,336,299,3,1
Jakarta,3687,149,4,0
Malang,2011,211,2,0
Malang,3320,135,3,0
Jakarta,1095,246,5,1
Bandung,4336,234,1,0
Semarang,4988,99,3,0
Denpasar,3411,73,3,0
Palembang,1624,257,5,0
Yogyakarta,617,213,4,1
Jakarta,2696,136,2,0
Makassar,2462,113,5,0
Yogyakarta,3045,279,2,0
Semarang,1891,50,4,0
Makassar,3411,225,3,0
Surabaya,4230,207,2,0
Malang,2296,36,1,0
Surabaya,1612,99,1,0
Yogyakarta,1585,156,5,0
Semarang,4611,189,4,0
Denpasar,2683,277,5,0
Yogyakarta,3539,232,5,0
Jakarta,2439,177,5,0
Medan,2004,172,1,0
Yogyakarta,662,228,1,0
Malang,2904,183,5,0
Malang,2016,171,1,0
Yogyakarta,4751,194,4,0
Makassar,4586,50,5,0
Medan,4038,111,1,0
Jakarta,2769,98,2,0
Yogyakarta,856,160,5,1
Makassar,1125,116,5,1
Malang,3108,247,4,0
Malang,4821,190,3,0
Semarang,3019,207,3,0
Yogyakarta,3808,146,4,0
Medan,4041,225,4,0
Bandung,1874,115,4,0
Medan,4298,110,3,0
Malang,2429,181,4,0
Malang,2703,90,1,0
Surabaya,3629,90,5,0
Malang,888,57,5,1
Jakarta,2312,72,2,0
Palembang,1847,198,2,0
Yogyakarta,594,115,5,1
Medan,2285,206,1,0
Palembang,3417,46,3,0
Makassar,1990,127,3,0
Bandung,1436,227,1,0
Jakarta,2364,127,3,0
Medan,4755,94,4,0
Palembang,4843,34,5,0
Bandung,1307,31,5,1
Surabaya,2814,51,1,0
Jakarta,3826,141,3,0
Jakarta,4981,86,2,0
Surabaya,1547,95,2,0
Yogyakarta,4202,127,3,0
Surabaya,1735,173,2,0
Jakarta,871,154,1,0
Jakarta,2682,196,1,0
Palembang,1545,115,3,0
Malang,2384,105,2,0
Bandung,577,88,1,0
Surabaya,2187,167,1,0
Bandung,4879,128,4,0
Surabaya,1565,221,4,0
Makassar,1340,272,1,0
Jakarta,1217,78,3,1
Malang,1185,61,5,1
Palembang,3052,49,5,0
Malang,321,183,1,0
Malang,4869,97,1,0
Malang,3491,243,1,0
Bandung,2653,172,3,0
Surabaya,986,261,4,1
Denpasar,584,242,1,0
Makassar,4047,108,1,0
Medan,1062,243,2,1
Malang,2728,145,3,0
Yogyakarta,2807,121,1,0
Bandung,328,299,2,1
Palembang,1206,197,5,1
Medan,3404,87,1,0
Denpasar,4299,55,1,0
Yogyakarta,3294,95,2,0
Denpasar,2806,277,3,0
Medan,4965,283,1,0
Malang,3909,73,5,0
Yogyakarta,3853,126,1,0
Denpasar,1753,71,5,0
Palembang,3656,256,4,0
Surabaya,815,291,4,1
Jakarta,338,196,5,1
Surabaya,3642,118,3,0
Medan,1186,207,1,0
Bandung,3144,226,1,0
Jakarta,2504,296,4,0
Makassar,1398,297,5,1
Palembang,2123,103,1,0
Makassar,3501,37,1,0
Yogyakarta,3455,193,3,0
Jakarta,3393,114,2,0
Makassar,3830,101,4,0
Makassar,4078,84,4,0
Denpasar,3196,76,2,0
Surabaya,3753,267,1,0
Denpasar,3811,133,3,0
Jakarta,1288,239,3,1
Jakarta,4416,71,4,0
Medan,4326,297,3,0
Denpasar,4479,292,2,0
Semarang,1982,288,1,0
Surabaya,4965,143,2,0
Jakarta,4263,69,5,0
Medan,1233,249,4,1
Denpasar,3898,158,3,0
Surabaya,3533,37,5,0
Denpasar,2280,130,3,0
Makassar,2155,205,1,0
Medan,3356,136,1,0
Surabaya,1092,130,1,0
Malang,1091,289,3,1
Yogyakarta,2109,275,5,0
Yogyakarta,2555,61,1,0
Surabaya,3910,166,5,0
Denpasar,1907,41,3,0
Medan,1284,45,5,1
Yogyakarta,3976,158,3,0
Medan,3680,92,3,0
Yogyakarta,819,138,4,1
Makassar,890,50,3,1
Denpasar,1350,187,3,1
Makassar,3933,298,2,0
Yogyakarta,4744,191,1,0
Malang,1259,289,4,1
Malang,992,131,4,1
Makassar,4199,252,4,0
Malang,4773,88,2,0
Yogyakarta,3246,276,3,0
Surabaya,826,157,1,0
Makassar,3524,54,5,0
Bandung,2553,160,3,0
Denpasar,3644,225,2,0
Malang,4265,183,3,0
Malang,2175,162,3,0
Jakarta,2063,256,2,0
Semarang,820,218,4,1
Makassar,1316,294,4,1
Palembang,416,163,1,0
Malang,2733,240,1,0
Denpasar,883,89,4,1
Bandung,694,242,5,1
Malang,4088,245,3,0
Bandung,3068,255,5,0
Yogyakarta,4467,160,3,0
Yogyakarta,4160,105,4,0
Semarang,573,185,1,0
Surabaya,2313,277,1,0
Palembang,4733,247,5,0
Jakarta,1689,219,1,0
Semarang,3866,192,4,0
Medan,465,209,5,1
Jakarta,1867,63,3,0
Makassar,1028,70,1,0
Denpasar,2343,104,2,0
Medan,4497,205,1,0
Medan,3796,179,3,0
Semarang,1078,137,5,1
Surabaya,513,168,3,1
Semarang,4062,241,2,0
Makassar,1876,95,4,0
Malang,2748,277,1,0
Malang,3236,185,5,0
Surabaya,3417,76,4,0
Makassar,891,230,3,1
Surabaya,3020,177,5,0
Bandung,1013,153,4,1
Malang,1235,30,5,1
Medan,4637,276,2,0
Palembang,301,157,2,1
Denpasar,3148,220,1,0
Makassar,4344,96,1,0
Jakarta,2249,33,2,0
Surabaya,1217,172,5,1
Denpasar,3474,220,2,0
Jakarta,2541,50,1,0
Denpasar,389,256,2,1
Palembang,2009,146,2,0
Jakarta,2469,171,5,0
Semarang,4538,68,4,0
Yogyakarta,3341,281,1,0
Semarang,405,236,5,1
Malang,1186,239,2,1
Yogyakarta,727,144,2,1
Semarang,2195,254,4,0
Yogyakarta,616,163,1,0
Yogyakarta,934,280,1,0
Medan,2225,248,3,0
Surabaya,2356,120,1,0
Surabaya,3444,75,4,0
Medan,2570,67,3,0
Denpasar,1739,171,3,0
Bandung,852,129,2,1
Denpasar,1015,219,2,1
Jakarta,4211,64,1,0
Jakarta,2013,176,3,0
Yogyakarta,3689,59,2,0
Semarang,1407,113,4,1
Semarang,4506,299,2,0
Surabaya,550,183,2,1
Makassar,2730,131,3,0
Denpasar,2354,244,3,0
Malang,758,179,5,1
Palembang,507,112,4,1
Semarang,1199,139,3,1
Palembang,3761,230,1,0
Yogyakarta,3685,202,4,0
Palembang,321,235,4,1
Malang,709,92,3,1
Medan,1194,102,4,1
Malang,814,280,3,1
Palembang,4409,153,2,0
Malang,2434,150,5,0
Bandung,3895,149,2,0
Yogyakarta,3256,193,3,0
Denpasar,1860,294,3,0
Medan,1566,190,2,0
Semarang,2469,118,1,0
Jakarta,3938,171,1,0
Denpasar,1049,232,1,0
Jakarta,3727,256,3,0
Yogyakarta,2227,251,4,0
Medan,4104,70,3,0
Surabaya,4002,225,4,0
Semarang,2656,97,2,0
Bandung,2635,293,5,0
Surabaya,606,31,4,1
Yogyakarta,3965,154,1,0
Denpasar,2289,139,3,0
Bandung,961,115,2,1
Malang,4944,149,1,0
Palembang,611,156,2,1
Bandung,3220,284,5,0
Yogyakarta,1382,212,3,1
Makassar,3271,45,3,0
Palembang,1054,91,5,1
Jakarta,4430,187,3,0
Semarang,4840,297,4,0
Jakarta,652,64,2,1
Bandung,1202,296,1,0
Jakarta,4188,93,5,0
Yogyakarta,458,79,4,1
Malang,2277,284,1,0
Denpasar,1256,178,1,0
Semarang,2371,201,5,0
Jakarta,703,230,4,1
Jakarta,4911,64,1,0
Bandung,3079,245,1,0
Denpasar,1687,94,4,0
Surabaya,3753,37,3,0
Jakarta,1255,105,1,0
Yogyakarta,2012,203,2,0
Makassar,1573,76,4,0
Semarang,4111,44,1,0
Jakarta,2925,176,5,0
Yogyakarta,2682,55,2,0
Yogyakarta,1741,122,1,0
Semarang,3279,261,2,0
Surabaya,2097,50,2,0
Yogyakarta,4690,67,3,0
Makassar,4309,186,2,0
Yogyakarta,1694,208,3,0
Yogyakarta,4581,161,4,0
Yogyakarta,1569,57,3,0
Malang,4014,289,5,0
Malang,829,105,1,0
Surabaya,3923,96,4,0
Jakarta,3258,223,4,0
Yogyakarta,3214,191,5,0
Denpasar,3891,286,3,0
Jakarta,2447,101,1,0
Surabaya,4873,116,3,0
Medan,3669,291,2,0
Jakarta,1239,243,3,1
Jakarta,825,182,4,1
Palembang,301,239,1,0
Bandung,674,90,3,1
Palembang,2640,297,1,0
Makassar,4305,291,1,0
Malang,3352,247,2,0
Malang,4948,165,2,0
Bandung,2665,122,4,0
Semarang,1825,138,5,0
Semarang,4776,270,1,0
Surabaya,1946,171,5,0
Bandung,313,266,4,1
Jakarta,4899,206,1,0
Semarang,2578,170,1,0
Yogyakarta,3455,218,5,0
Denpasar,429,78,3,1
Jakarta,4114,219,2,0
Makassar,3516,165,3,0
Yogyakarta,3238,72,5,0
Yogyakarta,4228,119,2,0
Bandung,2340,274,3,0
Surabaya,327,221,2,1
Makassar,2413,135,1,0
Semarang,1552,262,3,0
Bandung,4656,294,2,0
Semarang,2346,66,2,0
Bandung,4855,70,2,0
Bandung,4323,46,3,0
Bandung,4696,88,4,0
Surabaya,3674,212,3,0
Bandung,3766,70,5,0
Medan,3381,68,3,0
Denpasar,4078,221,2,0
Semarang,929,296,1,0
Jakarta,569,176,3,1
Palembang,2939,156,3,0
Makassar,2293,75,2,0
Malang,3191,74,1,0
Surabaya,3732,30,1,0
Jakarta,1580,197,5,0
Yogyakarta,2660,137,3,0
Medan,875,48,1,0
Malang,1607,101,1,0
Palembang,3492,138,4,0
Jakarta,3478,297,4,0
Malang,3034,269,1,0
Jakarta,2512,119,5,0
Medan,2652,132,1,0
Palembang,3868,279,2,0
Yogyakarta,1955,37,3,0
Bandung,1879,182,5,0
Semarang,2503,203,2,0
Yogyakarta,1690,187,5,0
Bandung,2042,244,2,0
Surabaya,2225,206,3,0
Denpasar,919,204,3,1
Makassar,1574,175,4,0
Makassar,1256,190,2,1
Semarang,2239,156,4,0
Palembang,4253,111,2,0
Medan,2681,176,4,0
Palembang,1268,268,3,1
Medan,1616,113,5,0
Palembang,1343,142,4,1
Denpasar,581,254,2,1
Surabaya,3144,272,2,0
Surabaya,1358,172,3,1
Bandung,4593,70,2,0
Malang,2832,287,1,0
Surabaya,4128,134,5,0
Surabaya,1308,231,4,1
Yogyakarta,1529,295,5,0
Yogyakarta,1335,239,3,1
Bandung,4885,80,4,0
Malang,575,147,4,1
Semarang,3040,230,1,0
Yogyakarta,2589,68,3,0
Semarang,1539,57,2,0
Jakarta,425,288,1,0
Yogyakarta,4365,113,1,0
Denpasar,4612,184,5,0
Malang,4168,146,5,0
Bandung,1508,31,5,0
Jakarta,3549,122,1,0
Malang,1218,195,2,1
Denpasar,4223,287,4,0
Malang,4703,110,5,0
Denpasar,2269,297,2,0
Denpasar,3093,264,3,0
Semarang,1191,242,5,1
Palembang,4770,91,4,0
Jakarta,2333,78,3,0
Malang,1664,156,3,0
Medan,428,252,4,1
Jakarta,1314,136,5,1
Palembang,2099,175,1,0
Jakarta,4912,128,4,0
Surabaya,1818,102,4,0
Medan,4481,151,4,0
Palembang,1498,59,3,1
Semarang,4173,217,2,0
Malang,2774,224,1,0
Makassar,3785,185,5,0
Palembang,4349,201,5,0
Bandung,4019,70,2,0
Malang,602,92,4,1
Palembang,4252,52,1,0
Surabaya,4983,104,5,0
Makassar,1286,77,5,1
Surabaya,2163,189,4,0
Makassar,4740,147,2,0
Bandung,3372,129,1,0
Malang,3424,196,2,0
Semarang,1627,185,2,0
Surabaya,2708,36,1,0
Surabaya,3973,225,1,0
Denpasar,3591,85,5,0
Makassar,4333,222,5,0
Yogyakarta,1003,76,1,0
Malang,874,177,3,1
Makassar,3532,186,5,0
Denpasar,2932,231,3,0
Jakarta,4128,155,1,0
Makassar,3530,93,5,0
Semarang,788,205,2,1
Malang,1647,145,1,0
Denpasar,3981,233,4,0
Jakarta,3473,60,3,0
Medan,4889,142,1,0
Denpasar,1967,96,1,0
Medan,1937,104,5,0
Malang,4414,74,5,0
Surabaya,3853,289,5,0
Denpasar,1300,183,4,1
Bandung,1150,184,5,1
Medan,1688,263,1,0
Semarang,4012,80,5,0
Bandung,1667,291,2,0
Palembang,1121,154,5,1
Palembang,754,274,4,1
Jakarta,1924,59,2,0
Surabaya,3072,151,1,0
Malang,4026,154,1,0
Denpasar,3447,66,3,0
Yogyakarta,4389,199,2,0
Semarang,2490,153,3,0
Medan,1216,64,2,1
Malang,4286,116,2,0
Bandung,3175,163,4,0
Palembang,1740,225,3,0
Semarang,4700,230,4,0
Yogyakarta,1035,106,2,1
Denpasar,3868,88,1,0
Jakarta,3638,155,2,0
Yogyakarta,3315,138,4,0
Semarang,3189,253,3,0
Yogyakarta,1261,97,3,1
Semarang,3289,98,4,0
Semarang,4148,194,3,0
Makassar,1326,191,5,1
Medan,4165,71,1,0
Palembang,3163,138,1,0
Makassar,2801,80,1,0
Denpasar,2247,279,3,0
Makassar,1477,50,3,1
Surabaya,311,168,2,1
Surabaya,4699,121,2,0
Palembang,3664,154,1,0
Yogyakarta,3322,140,5,0
Medan,3671,168,2,0
Palembang,3130,128,2,0
Semarang,342,281,3,1
Bandung,1243,133,5,1
Medan,2690,243,1,0
Medan,2845,278,2,0
Semarang,2711,181,5,0
Semarang,1304,279,5,1
Jakarta,320,194,1,0
Palembang,706,37,5,1
Semarang,1314,34,5,1
Surabaya,4731,174,5,0
Denpasar,2138,130,2,0
Bandung,3488,193,1,0
Palembang,1014,176,5,1
Malang,4446,93,5,0
Surabaya,4154,120,2,0
Yogyakarta,4719,146,1,0
Semarang,440,296,3,1
Malang,4865,202,2,0
Semarang,1263,76,1,0
Medan,672,169,5,1
Surabaya,3935,275,1,0
Medan,2841,178,1,0
Jakarta,3910,275,1,0
Medan,1992,34,3,0
Jakarta,405,213,1,0
Jakarta,1981,49,3,0
Malang,4397,75,5,0
Semarang,4316,41,3,0
Yogyakarta,2936,99,5,0
Medan,2437,46,5,0
Surabaya,3716,176,3,0
Jakarta,4745,183,2,0
Semarang,3830,137,4,0
Bandung,1586,265,1,0
Palembang,3479,99,4,0
Malang,3954,212,1,0
Yogyakarta,2659,279,1,0
Makassar,744,257,5,1
Malang,335,131,1,0
Bandung,1775,104,1,0
Palembang,4257,245,3,0
Bandung,2098,232,4,0
Medan,2145,221,3,0
Jakarta,1708,278,1,0
Yogyakarta,2008,271,5,0
Denpasar,3238,208,3,0
Jakarta,1600,248,3,0
Denpasar,1543,111,2,0
Palembang,4276,121,1,0
Semarang,3397,204,5,0
Makassar,4916,268,3,0
Surabaya,309,289,3,1
Jakarta,2725,192,5,0
Yogyakarta,1960,77,1,0
Bandung,2931,145,2,0
Yogyakarta,1372,254,3,1
Palembang,3525,176,2,0
Denpasar,1616,92,4,0
Bandung,4445,42,1,0
Surabaya,3983,218,4,0
Surabaya,3573,237,4,0
Jakarta,445,143,4,1
Palembang,3340,51,1,0
Semarang,1762,243,1,0
Palembang,4976,200,5,0
Denpasar,1884,83,2,0
Yogyakarta,782,155,2,1
Surabaya,3479,233,5,0
Yogyakarta,1549,223,5,0
Yogyakarta,930,198,4,1
Yogyakarta,961,181,5,1
Surabaya,3803,64,3,0
Malang,3152,213,2,0
Medan,2766,86,5,0
Denpasar,1287,251,3,1
Malang,1846,192,3,0
Denpasar,949,48,3,1
Bandung,1268,293,3,1
Palembang,2937,142,4,0
Palembang,1400,59,3,1
Makassar,740,164,4,1
Palembang,1069,96,4,1
Surabaya,1643,94,3,0
Semarang,4658,54,2,0
Jakarta,4029,66,3,0
Makassar,4206,30,3,0
Jakarta,1877,66,3,0
Denpasar,4308,170,2,0
Jakarta,3651,261,1,0
Jakarta,2649,165,1,0
Makassar,3902,217,4,0
Bandung,1541,157,4,0
Yogyakarta,1425,230,2,1
Palembang,2901,156,5,0
Palembang,1490,286,1,0
Surabaya,4431,193,4,0
Makassar,4748,64,1,0
Surabaya,372,223,2,1
Semarang,2214,220,2,0
Semarang,2772,133,5,0
Surabaya,3346,52,5,0
Makassar,1007,294,2,1
Surabaya,2104,289,4,0
Palembang,4013,104,1,0
Malang,2864,101,3,0
Medan,2775,288,5,0
Jakarta,3910,217,3,0
Medan,4555,202,4,0
Makassar,3123,74,5,0
Medan,2035,90,3,0
Semarang,1885,112,4,0
Denpasar,366,152,1,0
Jakarta,3361,45,4,0
Yogyakarta,2728,95,5,0
Makassar,4453,174,2,0
Jakarta,641,191,1,0
Medan,3074,263,3,0
Semarang,3117,173,5,0
Bandung,2961,217,2,0
Malang,1532,42,4,0
Yogyakarta,4174,213,2,0
Malang,2701,140,5,0
Jakarta,1794,244,5,0
Semarang,4511,149,2,0
Semarang,961,84,4,1
Medan,4183,56,2,0
Palembang,3919,147,5,0
Medan,2168,250,5,0
Palembang,2634,260,3,0
Palembang,3674,82,3,0
Yogyakarta,1316,262,1,0
Medan,4706,187,5,0
Bandung,507,298,3,1
Surabaya,2965,50,2,0
Surabaya,2793,82,4,0
Medan,932,243,2,1
Medan,2402,60,4,0
Malang,3259,212,3,0
Yogyakarta,3383,52,1,0
Medan,2231,61,2,0
Malang,4019,103,2,0
Palembang,2862,39,2,0
Semarang,1979,83,4,0
Semarang,536,81,3,1
Palembang,4743,177,2,0
Makassar,1840,189,2,0
Malang,4243,43,1,0
Malang,663,207,1,0
Palembang,2668,82,3,0
Bandung,585,51,3,1
Denpasar,448,59,5,1
